股票,族群,現價,AI分數,交易狀態,市場溫度,市場溫度類別,市場狀態,壓力,支撐,RR,多週期判讀,情境提醒,AI策略劇本,結構結果,日K方向,30分K方向,量價判讀,_cats,_sort,主力痕跡
1536 和大,機器人,52.8,100,多方壓縮｜等方向,🔥 攻擊盤,temp-hot,壓縮等待,54.38(保守壓力),52.21(MA20) / 51.2(30M平台),2.68,<div class='layer'><span class='layer-label'>日K</span><span class='layer-text'>多｜強多</span></div><div class='layer'><span class='layer-label'>30M</span><span class='layer-text'>多｜強多</span></div><div class='layer'><span class='layer-label'>位階</span><span class='layer-text'>均線附近</span></div><div class='layer'><span class='layer-label'>節奏</span><span class='layer-text'>放量｜RV 9.08x</span></div><div class='layer'><span class='layer-label'>情緒</span><span class='layer-text'>🔥 攻擊盤</span></div>,價格先收斂，市場在等方向表態。<br>盤面偏積極，續強機率較高。 空間條件不差，若結構延續，仍有操作彈性。 量縮壓縮味道明顯，等待方向確認即可。,"方向：多方續強
關鍵：守住 52.21(MA20) / 51.2(30M平台)，突破 54.38(保守壓力)，RR 佳
劇本：條件偏完整，可偏順勢；若帶量站上壓力，續攻機率提高；跌破支撐則轉觀察。 量縮等待表態。",多方壓縮,多｜強多,多｜強多,放量｜RV 9.08x｜沿短均線攻擊,機器人,2,量縮壓縮
6494 九齊,MCU,59.1,98,多方回檔｜看關鍵位,🌤 觀察盤,temp-neutral,洗盤,60.87(保守壓力),58.8(前低) / 57.9(30M平台),5.90,<div class='layer'><span class='layer-label'>日K</span><span class='layer-text'>多｜強多</span></div><div class='layer'><span class='layer-label'>30M</span><span class='layer-text'>空｜偏多</span></div><div class='layer'><span class='layer-label'>位階</span><span class='layer-text'>中繼位階</span></div><div class='layer'><span class='layer-label'>節奏</span><span class='layer-text'>放量｜RV 2.28x</span></div><div class='layer'><span class='layer-label'>情緒</span><span class='layer-text'>🌤 觀察盤</span></div>,短線壓回但承接尚在，較像換手整理。<br>目前較適合觀察確認。 空間條件不差，若結構延續，仍有操作彈性。,"方向：觀察整理
關鍵：守住 58.8(前低) / 57.9(30M平台)，突破 60.87(保守壓力)，RR 佳
劇本：先看支撐是否守穩；重新站回壓力才提高攻擊假設。",多方回檔,多｜強多,空｜偏多,放量｜RV 2.28x｜橫向整理,MCU,3,一般整理
1513 中興電,重電電力設備,166.5,98,多方回檔｜看關鍵位,🌤 觀察盤,temp-neutral,洗盤,169(前高),165.5(前低) / 165(30M平台),2.50,<div class='layer'><span class='layer-label'>日K</span><span class='layer-text'>多｜強多</span></div><div class='layer'><span class='layer-label'>30M</span><span class='layer-text'>空｜偏多</span></div><div class='layer'><span class='layer-label'>位階</span><span class='layer-text'>中繼位階</span></div><div class='layer'><span class='layer-label'>節奏</span><span class='layer-text'>放量｜RV 3.47x</span></div><div class='layer'><span class='layer-label'>情緒</span><span class='layer-text'>🌤 觀察盤</span></div>,短線壓回但承接尚在，較像換手整理。<br>目前較適合觀察確認。 空間條件不差，若結構延續，仍有操作彈性。 量縮壓縮味道明顯，等待方向確認即可。,"方向：觀察整理
關鍵：守住 165.5(前低) / 165(30M平台)，突破 169(前高)，RR 佳
劇本：先看支撐是否守穩；重新站回壓力才提高攻擊假設。 量縮等待表態。",多方回檔,多｜強多,空｜偏多,放量｜RV 3.47x｜均線下彎,重電電力設備,3,量縮壓縮
3265 台星科,封測,190.5,96,多方回檔｜看關鍵位,🌤 觀察盤,temp-neutral,洗盤,193(30M平台),189(前低) / 187(30M平台),1.67,<div class='layer'><span class='layer-label'>日K</span><span class='layer-text'>多｜強多</span></div><div class='layer'><span class='layer-label'>30M</span><span class='layer-text'>空｜偏多</span></div><div class='layer'><span class='layer-label'>位階</span><span class='layer-text'>中繼位階</span></div><div class='layer'><span class='layer-label'>節奏</span><span class='layer-text'>放量｜RV 4.65x</span></div><div class='layer'><span class='layer-label'>情緒</span><span class='layer-text'>🌤 觀察盤</span></div>,短線壓回但承接尚在，較像換手整理。<br>目前較適合觀察確認。 量縮壓縮味道明顯，等待方向確認即可。,"方向：觀察整理
關鍵：守住 189(前低) / 187(30M平台)，突破 193(30M平台)
劇本：先看支撐是否守穩；重新站回壓力才提高攻擊假設。 量縮等待表態。",多方回檔,多｜強多,空｜偏多,放量｜RV 4.65x｜橫向整理,封測,3,量縮壓縮
2421 建準,散熱液冷,159.0,94,多方回檔｜看關鍵位,🌤 觀察盤,temp-neutral,洗盤,162(前高),156.5(前低) / 156.5(30M平台),1.20,<div class='layer'><span class='layer-label'>日K</span><span class='layer-text'>多｜強多</span></div><div class='layer'><span class='layer-label'>30M</span><span class='layer-text'>空｜偏多</span></div><div class='layer'><span class='layer-label'>位階</span><span class='layer-text'>中繼位階</span></div><div class='layer'><span class='layer-label'>節奏</span><span class='layer-text'>放量｜RV 4.89x</span></div><div class='layer'><span class='layer-label'>情緒</span><span class='layer-text'>🌤 觀察盤</span></div>,短線壓回但承接尚在，較像換手整理。<br>目前較適合觀察確認。 追價報酬效率普通，宜等更明確的突破。 量縮壓縮味道明顯，等待方向確認即可。,"方向：觀察整理
關鍵：守住 156.5(前低) / 156.5(30M平台)，突破 162(前高)
劇本：先看支撐是否守穩；重新站回壓力才提高攻擊假設。 量縮等待表態。",多方回檔,多｜強多,空｜偏多,放量｜RV 4.89x｜均線下彎,散熱液冷,3,量縮壓縮
6202 盛群,MCU,58.7,94,多方回檔｜看關鍵位,🌤 觀察盤,temp-neutral,洗盤,59.2(30M平台) / 60.4(前高),58.2(30M平台) / 57.23(MA20),1.00,<div class='layer'><span class='layer-label'>日K</span><span class='layer-text'>多｜強多</span></div><div class='layer'><span class='layer-label'>30M</span><span class='layer-text'>空｜偏空</span></div><div class='layer'><span class='layer-label'>位階</span><span class='layer-text'>中繼位階</span></div><div class='layer'><span class='layer-label'>節奏</span><span class='layer-text'>放量｜RV 3.15x</span></div><div class='layer'><span class='layer-label'>情緒</span><span class='layer-text'>🌤 觀察盤</span></div>,短線壓回但承接尚在，較像換手整理。<br>目前較適合觀察確認。 追價報酬效率普通，宜等更明確的突破。 量縮壓縮味道明顯，等待方向確認即可。,"方向：觀察整理
關鍵：守住 58.2(30M平台) / 57.23(MA20)，突破 59.2(30M平台) / 60.4(前高)
劇本：先看支撐是否守穩；重新站回壓力才提高攻擊假設。 量縮等待表態。",多方回檔,多｜強多,空｜偏空,放量｜RV 3.15x｜均線下彎,MCU,3,量縮壓縮
4952 凌通,MCU,52.8,91,多方回檔｜看關鍵位,🌤 觀察盤,temp-neutral,洗盤,53.3(30M平台) / 55.8(前高),52.4(30M平台) / 51(MA20),1.25,<div class='layer'><span class='layer-label'>日K</span><span class='layer-text'>多｜強多</span></div><div class='layer'><span class='layer-label'>30M</span><span class='layer-text'>空｜偏空</span></div><div class='layer'><span class='layer-label'>位階</span><span class='layer-text'>中繼位階</span></div><div class='layer'><span class='layer-label'>節奏</span><span class='layer-text'>放量｜RV 1.46x</span></div><div class='layer'><span class='layer-label'>情緒</span><span class='layer-text'>🌤 觀察盤</span></div>,短線壓回但承接尚在，較像換手整理。<br>目前較適合觀察確認。 追價報酬效率普通，宜等更明確的突破。 量縮壓縮味道明顯，等待方向確認即可。,"方向：觀察整理
關鍵：守住 52.4(30M平台) / 51(MA20)，突破 53.3(30M平台) / 55.8(前高)
劇本：先看支撐是否守穩；重新站回壓力才提高攻擊假設。 量縮等待表態。",多方回檔,多｜強多,空｜偏空,放量｜RV 1.46x｜均線下彎,MCU,3,量縮壓縮
3706 神達,AI伺服器,88.8,91,主升多｜空間緊,🌤 觀察盤,temp-neutral,初升,90.1(30M平台),84.44(MA20) / 83.1(前低),0.30,<div class='layer'><span class='layer-label'>日K</span><span class='layer-text'>多｜強多</span></div><div class='layer'><span class='layer-label'>30M</span><span class='layer-text'>多｜強多</span></div><div class='layer'><span class='layer-label'>位階</span><span class='layer-text'>中繼位階</span></div><div class='layer'><span class='layer-label'>節奏</span><span class='layer-text'>放量｜RV 3.06x</span></div><div class='layer'><span class='layer-label'>情緒</span><span class='layer-text'>🌤 觀察盤</span></div>,資金開始集中，整理後仍有續攻味道。<br>目前較適合觀察確認。 空間偏緊，較像要先等確認的盤。 雖然結構偏強，但這個位置先不要把它當成好追價點。,"方向：多方續強
關鍵：守住 84.44(MA20) / 83.1(前低)，突破 90.1(30M平台)，RR 偏緊
劇本：若帶量站上壓力，續攻機率提高；跌破支撐則轉觀察。",主升多,多｜強多,多｜強多,放量｜RV 3.06x｜均線上彎,AI伺服器,0,短線轉強
2049 上銀,機器人,389.0,90,多方回檔｜看關鍵位,🌤 觀察盤,temp-neutral,洗盤,395.5(30M平台) / 409(前高),388(前低) / 385(30M平台),6.50,<div class='layer'><span class='layer-label'>日K</span><span class='layer-text'>多｜強多</span></div><div class='layer'><span class='layer-label'>30M</span><span class='layer-text'>空｜偏空</span></div><div class='layer'><span class='layer-label'>位階</span><span class='layer-text'>高檔延伸</span></div><div class='layer'><span class='layer-label'>節奏</span><span class='layer-text'>放量｜RV 3.11x</span></div><div class='layer'><span class='layer-label'>情緒</span><span class='layer-text'>🌤 觀察盤</span></div>,短線壓回但承接尚在，較像換手整理。<br>目前較適合觀察確認。 空間條件不差，若結構延續，仍有操作彈性。 量縮壓縮味道明顯，等待方向確認即可。,"方向：觀察整理
關鍵：守住 388(前低) / 385(30M平台)，突破 395.5(30M平台) / 409(前高)，RR 佳
劇本：先看支撐是否守穩；重新站回壓力才提高攻擊假設。 量縮等待表態。",多方回檔,多｜強多,空｜偏空,放量｜RV 3.11x｜均線下彎,機器人,3,量縮壓縮
2492 華新科,自選題材,394.0,88,末升段｜等突破,🟠 偏熱盤,temp-warm,末升,411.5(30M平台),389(30M平台) / 361(前低),3.50,<div class='layer'><span class='layer-label'>日K</span><span class='layer-text'>多｜強多</span></div><div class='layer'><span class='layer-label'>30M</span><span class='layer-text'>多｜強多</span></div><div class='layer'><span class='layer-label'>位階</span><span class='layer-text'>高檔延伸</span></div><div class='layer'><span class='layer-label'>節奏</span><span class='layer-text'>放量｜RV 3.79x</span></div><div class='layer'><span class='layer-label'>情緒</span><span class='layer-text'>🟠 偏熱盤</span></div>,漲勢仍在，但尾段容易出現震盪。<br>趨勢仍在，但短線已開始偏熱。 空間條件不差，若結構延續，仍有操作彈性。,"方向：高檔震盪
關鍵：守住 389(30M平台) / 361(前低)，突破 411.5(30M平台)，RR 佳
劇本：若量能無法延續，不追高；失守支撐先控風險。",末升段,多｜強多,多｜強多,放量｜RV 3.79x｜均線上彎,自選題材,1,一般整理
6274 台燿,PCB載板材料,1690.0,88,末升段｜等突破,🟠 偏熱盤,temp-warm,末升,1740.7(保守壓力),1675(大量K) / 1540(前低),3.38,<div class='layer'><span class='layer-label'>日K</span><span class='layer-text'>多｜強多</span></div><div class='layer'><span class='layer-label'>30M</span><span class='layer-text'>多｜強多</span></div><div class='layer'><span class='layer-label'>位階</span><span class='layer-text'>高檔延伸</span></div><div class='layer'><span class='layer-label'>節奏</span><span class='layer-text'>放量｜RV 4.51x</span></div><div class='layer'><span class='layer-label'>情緒</span><span class='layer-text'>🟠 偏熱盤</span></div>,漲勢仍在，但尾段容易出現震盪。<br>趨勢仍在，但短線已開始偏熱。 空間條件不差，若結構延續，仍有操作彈性。,"方向：高檔震盪
關鍵：守住 1675(大量K) / 1540(前低)，突破 1740.7(保守壓力)，RR 佳
劇本：若量能無法延續，不追高；失守支撐先控風險。",末升段,多｜強多,多｜強多,放量｜RV 4.51x｜沿短均線攻擊,PCB載板材料,1,一般整理
2441 超豐,封測,141.5,87,末升段｜等突破,🟠 偏熱盤,temp-warm,末升,144(30M平台),139.5(30M平台) / 136(前低),1.25,<div class='layer'><span class='layer-label'>日K</span><span class='layer-text'>多｜強多</span></div><div class='layer'><span class='layer-label'>30M</span><span class='layer-text'>多｜強多</span></div><div class='layer'><span class='layer-label'>位階</span><span class='layer-text'>高檔延伸</span></div><div class='layer'><span class='layer-label'>節奏</span><span class='layer-text'>放量｜RV 4.42x</span></div><div class='layer'><span class='layer-label'>情緒</span><span class='layer-text'>🟠 偏熱盤</span></div>,漲勢仍在，但尾段容易出現震盪。<br>趨勢仍在，但短線已開始偏熱。 追價報酬效率普通，宜等更明確的突破。,"方向：高檔震盪
關鍵：守住 139.5(30M平台) / 136(前低)，突破 144(30M平台)
劇本：若量能無法延續，不追高；失守支撐先控風險。",末升段,多｜強多,多｜強多,放量｜RV 4.42x｜均線上彎,封測,1,短線轉強
5471 松翰,MCU,54.1,86,多方回檔｜看關鍵位,🌤 觀察盤,temp-neutral,洗盤,55.6(30M平台) / 55.8(前高),53.5(30M平台) / 50.17(MA20),2.50,<div class='layer'><span class='layer-label'>日K</span><span class='layer-text'>多｜強多</span></div><div class='layer'><span class='layer-label'>30M</span><span class='layer-text'>空｜偏多</span></div><div class='layer'><span class='layer-label'>位階</span><span class='layer-text'>高檔延伸</span></div><div class='layer'><span class='layer-label'>節奏</span><span class='layer-text'>放量｜RV 3.01x</span></div><div class='layer'><span class='layer-label'>情緒</span><span class='layer-text'>🌤 觀察盤</span></div>,短線壓回但承接尚在，較像換手整理。<br>目前較適合觀察確認。 空間條件不差，若結構延續，仍有操作彈性。 量縮壓縮味道明顯，等待方向確認即可。,"方向：觀察整理
關鍵：守住 53.5(30M平台) / 50.17(MA20)，突破 55.6(30M平台) / 55.8(前高)，RR 佳
劇本：先看支撐是否守穩；重新站回壓力才提高攻擊假設。 量縮等待表態。",多方回檔,多｜強多,空｜偏多,放量｜RV 3.01x｜橫向整理,MCU,3,量縮壓縮
2382 廣達,AI伺服器,339.0,86,主升多｜空間緊,🌤 觀察盤,temp-neutral,初升,349.17(保守壓力),321.55(MA20) / 308.5(前低),0.58,<div class='layer'><span class='layer-label'>日K</span><span class='layer-text'>多｜強多</span></div><div class='layer'><span class='layer-label'>30M</span><span class='layer-text'>多｜強多</span></div><div class='layer'><span class='layer-label'>位階</span><span class='layer-text'>中繼位階</span></div><div class='layer'><span class='layer-label'>節奏</span><span class='layer-text'>放量｜RV 7.20x</span></div><div class='layer'><span class='layer-label'>情緒</span><span class='layer-text'>🌤 觀察盤</span></div>,資金開始集中，整理後仍有續攻味道。<br>目前較適合觀察確認。 空間偏緊，較像要先等確認的盤。 雖然結構偏強，但這個位置先不要把它當成好追價點。,"方向：多方續強
關鍵：守住 321.55(MA20) / 308.5(前低)，突破 349.17(保守壓力)，RR 偏緊
劇本：若帶量站上壓力，續攻機率提高；跌破支撐則轉觀察。",主升多,多｜強多,多｜強多,放量｜RV 7.20x｜沿短均線攻擊,AI伺服器,0,一般整理
2337 旺宏,記憶體,166.5,86,主升多｜空間緊,🌤 觀察盤,temp-neutral,初升,169.5(30M平台),160(30M平台) / 157.35(MA20),0.46,<div class='layer'><span class='layer-label'>日K</span><span class='layer-text'>多｜強多</span></div><div class='layer'><span class='layer-label'>30M</span><span class='layer-text'>多｜強多</span></div><div class='layer'><span class='layer-label'>位階</span><span class='layer-text'>中繼位階</span></div><div class='layer'><span class='layer-label'>節奏</span><span class='layer-text'>放量｜RV 3.38x</span></div><div class='layer'><span class='layer-label'>情緒</span><span class='layer-text'>🌤 觀察盤</span></div>,資金開始集中，整理後仍有續攻味道。<br>目前較適合觀察確認。 空間偏緊，較像要先等確認的盤。 雖然結構偏強，但這個位置先不要把它當成好追價點。,"方向：多方續強
關鍵：守住 160(30M平台) / 157.35(MA20)，突破 169.5(30M平台)，RR 偏緊
劇本：若帶量站上壓力，續攻機率提高；跌破支撐則轉觀察。",主升多,多｜強多,多｜強多,放量｜RV 3.38x｜沿短均線攻擊,記憶體,0,一般整理
3231 緯創,AI伺服器,158.5,86,主升多｜空間緊,🌤 觀察盤,temp-neutral,初升,163.25(保守壓力),144.5(30M平台) / 144.5(前低),0.34,<div class='layer'><span class='layer-label'>日K</span><span class='layer-text'>多｜強多</span></div><div class='layer'><span class='layer-label'>30M</span><span class='layer-text'>多｜強多</span></div><div class='layer'><span class='layer-label'>位階</span><span class='layer-text'>中繼位階</span></div><div class='layer'><span class='layer-label'>節奏</span><span class='layer-text'>放量｜RV 8.18x</span></div><div class='layer'><span class='layer-label'>情緒</span><span class='layer-text'>🌤 觀察盤</span></div>,資金開始集中，整理後仍有續攻味道。<br>目前較適合觀察確認。 空間偏緊，較像要先等確認的盤。 雖然結構偏強，但這個位置先不要把它當成好追價點。,"方向：多方續強
關鍵：守住 144.5(30M平台) / 144.5(前低)，突破 163.25(保守壓力)，RR 偏緊
劇本：若帶量站上壓力，續攻機率提高；跌破支撐則轉觀察。",主升多,多｜強多,多｜強多,放量｜RV 8.18x｜均線上彎,AI伺服器,0,一般整理
2367 燿華,PCB載板材料,68.1,86,主升多｜空間緊,🌤 觀察盤,temp-neutral,初升,68.7(30M平台),65.8(前低) / 64.5(30M平台),0.26,<div class='layer'><span class='layer-label'>日K</span><span class='layer-text'>多｜強多</span></div><div class='layer'><span class='layer-label'>30M</span><span class='layer-text'>多｜強多</span></div><div class='layer'><span class='layer-label'>位階</span><span class='layer-text'>中繼位階</span></div><div class='layer'><span class='layer-label'>節奏</span><span class='layer-text'>放量｜RV 3.22x</span></div><div class='layer'><span class='layer-label'>情緒</span><span class='layer-text'>🌤 觀察盤</span></div>,資金開始集中，整理後仍有續攻味道。<br>目前較適合觀察確認。 空間偏緊，較像要先等確認的盤。 雖然結構偏強，但這個位置先不要把它當成好追價點。,"方向：多方續強
關鍵：守住 65.8(前低) / 64.5(30M平台)，突破 68.7(30M平台)，RR 偏緊
劇本：若帶量站上壓力，續攻機率提高；跌破支撐則轉觀察。",主升多,多｜強多,多｜強多,放量｜RV 3.22x｜均線上彎,PCB載板材料,0,一般整理
3264 欣銓,自選題材,243.5,84,末升段｜等突破,🟠 偏熱盤,temp-warm,末升,259(30M平台),235.5(30M平台) / 229.5(前低),1.94,<div class='layer'><span class='layer-label'>日K</span><span class='layer-text'>多｜強多</span></div><div class='layer'><span class='layer-label'>30M</span><span class='layer-text'>多｜強多</span></div><div class='layer'><span class='layer-label'>位階</span><span class='layer-text'>高檔延伸</span></div><div class='layer'><span class='layer-label'>節奏</span><span class='layer-text'>放量｜RV 5.34x</span></div><div class='layer'><span class='layer-label'>情緒</span><span class='layer-text'>🟠 偏熱盤</span></div>,漲勢仍在，但尾段容易出現震盪。<br>趨勢仍在，但短線已開始偏熱。,"方向：高檔震盪
關鍵：守住 235.5(30M平台) / 229.5(前低)，突破 259(30M平台)
劇本：若量能無法延續，不追高；失守支撐先控風險。",末升段,多｜強多,多｜強多,放量｜RV 5.34x｜均線上彎,自選題材,1,一般整理
6271 同欣電,封測,247.0,82,多方回檔｜看關鍵位,🌤 觀察盤,temp-neutral,洗盤,250.5(30M平台) / 254.5(前高),244.5(前低) / 244.5(30M平台),1.40,<div class='layer'><span class='layer-label'>日K</span><span class='layer-text'>多｜強多</span></div><div class='layer'><span class='layer-label'>30M</span><span class='layer-text'>空｜偏空</span></div><div class='layer'><span class='layer-label'>位階</span><span class='layer-text'>高檔延伸</span></div><div class='layer'><span class='layer-label'>節奏</span><span class='layer-text'>放量｜RV 6.64x</span></div><div class='layer'><span class='layer-label'>情緒</span><span class='layer-text'>🌤 觀察盤</span></div>,短線壓回但承接尚在，較像換手整理。<br>目前較適合觀察確認。 追價報酬效率普通，宜等更明確的突破。 量縮壓縮味道明顯，等待方向確認即可。,"方向：觀察整理
關鍵：守住 244.5(前低) / 244.5(30M平台)，突破 250.5(30M平台) / 254.5(前高)
劇本：先看支撐是否守穩；重新站回壓力才提高攻擊假設。 量縮等待表態。",多方回檔,多｜強多,空｜偏空,放量｜RV 6.64x｜均線下彎,封測,3,量縮壓縮
2401 凌陽,MCU,30.0,82,多方回檔｜看關鍵位,🌤 觀察盤,temp-neutral,洗盤,30.2(30M平台) / 31.05(前高),29.85(30M平台) / 26.99(MA20),1.33,<div class='layer'><span class='layer-label'>日K</span><span class='layer-text'>多｜強多</span></div><div class='layer'><span class='layer-label'>30M</span><span class='layer-text'>空｜偏空</span></div><div class='layer'><span class='layer-label'>位階</span><span class='layer-text'>高檔延伸</span></div><div class='layer'><span class='layer-label'>節奏</span><span class='layer-text'>放量｜RV 2.78x</span></div><div class='layer'><span class='layer-label'>情緒</span><span class='layer-text'>🌤 觀察盤</span></div>,短線壓回但承接尚在，較像換手整理。<br>目前較適合觀察確認。 追價報酬效率普通，宜等更明確的突破。 量縮壓縮味道明顯，等待方向確認即可。,"方向：觀察整理
關鍵：守住 29.85(30M平台) / 26.99(MA20)，突破 30.2(30M平台) / 31.05(前高)
劇本：先看支撐是否守穩；重新站回壓力才提高攻擊假設。 量縮等待表態。",多方回檔,多｜強多,空｜偏空,放量｜RV 2.78x｜均線下彎,MCU,3,量縮壓縮
2308 台達電,重電電力設備,2445.0,82,多方回檔｜看關鍵位,🌤 觀察盤,temp-neutral,洗盤,2510(30M平台) / 2520(前高),2390(前低) / 2375(30M平台),1.18,<div class='layer'><span class='layer-label'>日K</span><span class='layer-text'>多｜強多</span></div><div class='layer'><span class='layer-label'>30M</span><span class='layer-text'>空｜偏空</span></div><div class='layer'><span class='layer-label'>位階</span><span class='layer-text'>高檔延伸</span></div><div class='layer'><span class='layer-label'>節奏</span><span class='layer-text'>放量｜RV 8.85x</span></div><div class='layer'><span class='layer-label'>情緒</span><span class='layer-text'>🌤 觀察盤</span></div>,短線壓回但承接尚在，較像換手整理。<br>目前較適合觀察確認。 追價報酬效率普通，宜等更明確的突破。 量縮壓縮味道明顯，等待方向確認即可。,"方向：觀察整理
關鍵：守住 2390(前低) / 2375(30M平台)，突破 2510(30M平台) / 2520(前高)
劇本：先看支撐是否守穩；重新站回壓力才提高攻擊假設。 量縮等待表態。",多方回檔,多｜強多,空｜偏空,放量｜RV 8.85x｜均線下彎,重電電力設備,3,量縮壓縮
5309 系統電,重電電力設備,69.0,82,多方回檔｜看關鍵位,🌤 觀察盤,temp-neutral,洗盤,71.07(保守壓力),67.1(前低) / 66.9(30M平台),1.09,<div class='layer'><span class='layer-label'>日K</span><span class='layer-text'>多｜強多</span></div><div class='layer'><span class='layer-label'>30M</span><span class='layer-text'>空｜偏多</span></div><div class='layer'><span class='layer-label'>位階</span><span class='layer-text'>中繼位階</span></div><div class='layer'><span class='layer-label'>節奏</span><span class='layer-text'>量增｜RV 1.23x</span></div><div class='layer'><span class='layer-label'>情緒</span><span class='layer-text'>🌤 觀察盤</span></div>,短線壓回但承接尚在，較像換手整理。<br>目前較適合觀察確認。 追價報酬效率普通，宜等更明確的突破。 量縮壓縮味道明顯，等待方向確認即可。,"方向：觀察整理
關鍵：守住 67.1(前低) / 66.9(30M平台)，突破 71.07(保守壓力)
劇本：先看支撐是否守穩；重新站回壓力才提高攻擊假設。 量縮等待表態。",多方回檔,多｜強多,空｜偏多,量增｜RV 1.23x｜橫向整理,重電電力設備,3,量縮壓縮
2449 京元電子,封測,328.5,82,多方壓縮｜等方向,🌤 觀察盤,temp-neutral,壓縮等待,338.36(保守壓力),315.5(前低) / 312.5(30M平台),0.76,<div class='layer'><span class='layer-label'>日K</span><span class='layer-text'>多｜強多</span></div><div class='layer'><span class='layer-label'>30M</span><span class='layer-text'>多｜強多</span></div><div class='layer'><span class='layer-label'>位階</span><span class='layer-text'>中繼位階</span></div><div class='layer'><span class='layer-label'>節奏</span><span class='layer-text'>放量｜RV 4.64x</span></div><div class='layer'><span class='layer-label'>情緒</span><span class='layer-text'>🌤 觀察盤</span></div>,價格先收斂，市場在等方向表態。<br>目前較適合觀察確認。 空間偏緊，較像要先等確認的盤。 量縮壓縮味道明顯，等待方向確認即可。,"方向：多方續強
關鍵：守住 315.5(前低) / 312.5(30M平台)，突破 338.36(保守壓力)，RR 偏緊
劇本：若帶量站上壓力，續攻機率提高；跌破支撐則轉觀察。 量縮等待表態。",多方壓縮,多｜強多,多｜強多,放量｜RV 4.64x｜均線上彎,封測,2,量縮壓縮
5351 鈺創,記憶體,86.2,82,多方壓縮｜等方向,🌤 觀察盤,temp-neutral,壓縮等待,87(30M平台),82.6(前低) / 82.6(30M平台),0.22,<div class='layer'><span class='layer-label'>日K</span><span class='layer-text'>多｜強多</span></div><div class='layer'><span class='layer-label'>30M</span><span class='layer-text'>多｜強多</span></div><div class='layer'><span class='layer-label'>位階</span><span class='layer-text'>中繼位階</span></div><div class='layer'><span class='layer-label'>節奏</span><span class='layer-text'>放量｜RV 2.52x</span></div><div class='layer'><span class='layer-label'>情緒</span><span class='layer-text'>🌤 觀察盤</span></div>,價格先收斂，市場在等方向表態。<br>目前較適合觀察確認。 空間偏緊，較像要先等確認的盤。 量縮壓縮味道明顯，等待方向確認即可。,"方向：多方續強
關鍵：守住 82.6(前低) / 82.6(30M平台)，突破 87(30M平台)，RR 偏緊
劇本：若帶量站上壓力，續攻機率提高；跌破支撐則轉觀察。 量縮等待表態。",多方壓縮,多｜強多,多｜強多,放量｜RV 2.52x｜沿短均線攻擊,記憶體,2,量縮壓縮
2454 聯發科,ASIC,4310.0,80,多方回檔｜看關鍵位,🌤 觀察盤,temp-neutral,洗盤,4410(30M平台) / 4640(前高),4250(30M平台) / 3665.5(MA20),1.67,<div class='layer'><span class='layer-label'>日K</span><span class='layer-text'>多｜強多</span></div><div class='layer'><span class='layer-label'>30M</span><span class='layer-text'>空｜偏空</span></div><div class='layer'><span class='layer-label'>位階</span><span class='layer-text'>高檔延伸</span></div><div class='layer'><span class='layer-label'>節奏</span><span class='layer-text'>放量｜RV 8.74x</span></div><div class='layer'><span class='layer-label'>情緒</span><span class='layer-text'>🌤 觀察盤</span></div>,短線壓回但承接尚在，較像換手整理。<br>目前較適合觀察確認。,"方向：觀察整理
關鍵：守住 4250(30M平台) / 3665.5(MA20)，突破 4410(30M平台) / 4640(前高)
劇本：先看支撐是否守穩；重新站回壓力才提高攻擊假設。",多方回檔,多｜強多,空｜偏空,放量｜RV 8.74x｜均線下彎,ASIC,3,一般整理
4919 新唐,MCU,191.5,80,多方回檔｜看關鍵位,🌤 觀察盤,temp-neutral,洗盤,196.5(30M平台) / 206.5(前高),188.5(前低) / 184(30M平台),1.67,<div class='layer'><span class='layer-label'>日K</span><span class='layer-text'>多｜強多</span></div><div class='layer'><span class='layer-label'>30M</span><span class='layer-text'>空｜偏空</span></div><div class='layer'><span class='layer-label'>位階</span><span class='layer-text'>高檔延伸</span></div><div class='layer'><span class='layer-label'>節奏</span><span class='layer-text'>放量｜RV 5.27x</span></div><div class='layer'><span class='layer-label'>情緒</span><span class='layer-text'>🌤 觀察盤</span></div>,短線壓回但承接尚在，較像換手整理。<br>目前較適合觀察確認。,"方向：觀察整理
關鍵：守住 188.5(前低) / 184(30M平台)，突破 196.5(30M平台) / 206.5(前高)
劇本：先看支撐是否守穩；重新站回壓力才提高攻擊假設。",多方回檔,多｜強多,空｜偏空,放量｜RV 5.27x｜均線下彎,MCU,3,一般整理
3037 欣興,PCB載板材料,1055.0,78,多方回檔｜看關鍵位,🌤 觀察盤,temp-neutral,洗盤,1080(前高),1035(大量K) / 1025(前低),1.25,<div class='layer'><span class='layer-label'>日K</span><span class='layer-text'>多｜強多</span></div><div class='layer'><span class='layer-label'>30M</span><span class='layer-text'>空｜強多</span></div><div class='layer'><span class='layer-label'>位階</span><span class='layer-text'>高檔延伸</span></div><div class='layer'><span class='layer-label'>節奏</span><span class='layer-text'>放量｜RV 7.81x</span></div><div class='layer'><span class='layer-label'>情緒</span><span class='layer-text'>🌤 觀察盤</span></div>,短線壓回但承接尚在，較像換手整理。<br>目前較適合觀察確認。 追價報酬效率普通，宜等更明確的突破。,"方向：觀察整理
關鍵：守住 1035(大量K) / 1025(前低)，突破 1080(前高)
劇本：先看支撐是否守穩；重新站回壓力才提高攻擊假設。",多方回檔,多｜強多,空｜強多,放量｜RV 7.81x｜橫向整理,PCB載板材料,3,一般整理
2383 台光電,PCB載板材料,5120.0,78,多方回檔｜看關鍵位,🌤 觀察盤,temp-neutral,洗盤,5195(30M平台) / 5305(前高),5055(前低) / 5030(30M平台),1.15,<div class='layer'><span class='layer-label'>日K</span><span class='layer-text'>多｜強多</span></div><div class='layer'><span class='layer-label'>30M</span><span class='layer-text'>空｜偏空</span></div><div class='layer'><span class='layer-label'>位階</span><span class='layer-text'>高檔延伸</span></div><div class='layer'><span class='layer-label'>節奏</span><span class='layer-text'>放量｜RV 8.29x</span></div><div class='layer'><span class='layer-label'>情緒</span><span class='layer-text'>🌤 觀察盤</span></div>,短線壓回但承接尚在，較像換手整理。<br>目前較適合觀察確認。 追價報酬效率普通，宜等更明確的突破。,"方向：觀察整理
關鍵：守住 5055(前低) / 5030(30M平台)，突破 5195(30M平台) / 5305(前高)
劇本：先看支撐是否守穩；重新站回壓力才提高攻擊假設。",多方回檔,多｜強多,空｜偏空,放量｜RV 8.29x｜均線下彎,PCB載板材料,3,一般整理
3260 威剛,記憶體,415.0,77,空方壓縮｜等方向,🌫 等待盤,temp-cool,空方壓縮,418(30M平台),404.5(前低) / 404.5(30M平台),3.50,<div class='layer'><span class='layer-label'>日K</span><span class='layer-text'>空｜偏多</span></div><div class='layer'><span class='layer-label'>30M</span><span class='layer-text'>空｜偏多</span></div><div class='layer'><span class='layer-label'>位階</span><span class='layer-text'>中繼位階</span></div><div class='layer'><span class='layer-label'>節奏</span><span class='layer-text'>放量｜RV 3.42x</span></div><div class='layer'><span class='layer-label'>情緒</span><span class='layer-text'>🌫 等待盤</span></div>,空方整理中，若支撐守不住，往下可能加速。<br>市場還在收斂，等確認後再看。 空間條件不差，若結構延續，仍有操作彈性。 量縮壓縮味道明顯，等待方向確認即可。,"方向：盤整待變
關鍵：守住 404.5(前低) / 404.5(30M平台)，突破 418(30M平台)，RR 佳
劇本：等待壓力或支撐其中一邊被確認，再決定追蹤方向。 量縮等待表態。",空方壓縮,空｜偏多,空｜偏多,放量｜RV 3.42x｜均線下彎,記憶體,6,量縮壓縮
8046 南電,PCB載板材料,848.0,77,空方壓縮｜等方向,🌫 等待盤,temp-cool,空方壓縮,854(30M平台) / 905(前高),827(30M平台),3.50,<div class='layer'><span class='layer-label'>日K</span><span class='layer-text'>空｜偏空</span></div><div class='layer'><span class='layer-label'>30M</span><span class='layer-text'>空｜偏空</span></div><div class='layer'><span class='layer-label'>位階</span><span class='layer-text'>中繼位階</span></div><div class='layer'><span class='layer-label'>節奏</span><span class='layer-text'>放量｜RV 4.61x</span></div><div class='layer'><span class='layer-label'>情緒</span><span class='layer-text'>🌫 等待盤</span></div>,空方整理中，若支撐守不住，往下可能加速。<br>市場還在收斂，等確認後再看。 空間條件不差，若結構延續，仍有操作彈性。 量縮壓縮味道明顯，等待方向確認即可。,"方向：盤整待變
關鍵：守住 827(30M平台)，突破 854(30M平台) / 905(前高)，RR 佳
劇本：等待壓力或支撐其中一邊被確認，再決定追蹤方向。 量縮等待表態。",空方壓縮,空｜偏空,空｜偏空,放量｜RV 4.61x｜均線下彎,PCB載板材料,6,量縮壓縮
6526 達發,ASIC,659.0,77,空方壓縮｜等方向,🌫 等待盤,temp-cool,空方壓縮,665(30M平台) / 682(前高),639.23(保守支撐),3.29,<div class='layer'><span class='layer-label'>日K</span><span class='layer-text'>空｜偏多</span></div><div class='layer'><span class='layer-label'>30M</span><span class='layer-text'>空｜強空</span></div><div class='layer'><span class='layer-label'>位階</span><span class='layer-text'>中繼位階</span></div><div class='layer'><span class='layer-label'>節奏</span><span class='layer-text'>放量｜RV 4.77x</span></div><div class='layer'><span class='layer-label'>情緒</span><span class='layer-text'>🌫 等待盤</span></div>,空方整理中，若支撐守不住，往下可能加速。<br>市場還在收斂，等確認後再看。 空間條件不差，若結構延續，仍有操作彈性。 量縮壓縮味道明顯，等待方向確認即可。,"方向：盤整待變
關鍵：守住 639.23(保守支撐)，突破 665(30M平台) / 682(前高)，RR 佳
劇本：等待壓力或支撐其中一邊被確認，再決定追蹤方向。 量縮等待表態。",空方壓縮,空｜偏多,空｜強空,放量｜RV 4.77x｜均線下彎,ASIC,6,量縮壓縮
6919 康霈,自選題材,100.5,75,空方反彈｜看關鍵位,🌤 觀察盤,temp-neutral,反彈,103.5(30M平台) / 106.4(MA60),98(前低) / 98(30M平台),0.83,<div class='layer'><span class='layer-label'>日K</span><span class='layer-text'>空｜偏空</span></div><div class='layer'><span class='layer-label'>30M</span><span class='layer-text'>多｜偏多</span></div><div class='layer'><span class='layer-label'>位階</span><span class='layer-text'>中繼位階</span></div><div class='layer'><span class='layer-label'>節奏</span><span class='layer-text'>放量｜RV 8.12x</span></div><div class='layer'><span class='layer-label'>情緒</span><span class='layer-text'>🌤 觀察盤</span></div>,屬於修復性反彈，重點看壓力能否消化。<br>目前較適合觀察確認。 追價報酬效率普通，宜等更明確的突破。 量縮壓縮味道明顯，等待方向確認即可。,"方向：觀察整理
關鍵：守住 98(前低) / 98(30M平台)，突破 103.5(30M平台) / 106.4(MA60)，RR 偏緊
劇本：先看支撐是否守穩；重新站回壓力才提高攻擊假設。 量縮等待表態。",空方反彈,空｜偏空,多｜偏多,放量｜RV 8.12x｜均線上彎,自選題材,5,量縮壓縮
3661 世芯-KY,ASIC,4415.0,73,空方壓縮｜等方向,🌫 等待盤,temp-cool,空方壓縮,4485(30M平台) / 4500(前高),4300(前低) / 4280(30M平台),1.64,<div class='layer'><span class='layer-label'>日K</span><span class='layer-text'>空｜偏空</span></div><div class='layer'><span class='layer-label'>30M</span><span class='layer-text'>空｜偏空</span></div><div class='layer'><span class='layer-label'>位階</span><span class='layer-text'>中繼位階</span></div><div class='layer'><span class='layer-label'>節奏</span><span class='layer-text'>放量｜RV 8.10x</span></div><div class='layer'><span class='layer-label'>情緒</span><span class='layer-text'>🌫 等待盤</span></div>,空方整理中，若支撐守不住，往下可能加速。<br>市場還在收斂，等確認後再看。 量縮壓縮味道明顯，等待方向確認即可。,"方向：盤整待變
關鍵：守住 4300(前低) / 4280(30M平台)，突破 4485(30M平台) / 4500(前高)
劇本：等待壓力或支撐其中一邊被確認，再決定追蹤方向。 量縮等待表態。",空方壓縮,空｜偏空,空｜偏空,放量｜RV 8.10x｜均線下彎,ASIC,6,量縮壓縮
2458 義隆,MCU,162.0,70,多方回檔｜看關鍵位,🌤 觀察盤,temp-neutral,洗盤,162.5(30M平台) / 164.5(前高),161(前低) / 160(30M平台),0.50,<div class='layer'><span class='layer-label'>日K</span><span class='layer-text'>多｜強多</span></div><div class='layer'><span class='layer-label'>30M</span><span class='layer-text'>空｜偏空</span></div><div class='layer'><span class='layer-label'>位階</span><span class='layer-text'>中繼位階</span></div><div class='layer'><span class='layer-label'>節奏</span><span class='layer-text'>放量｜RV 6.37x</span></div><div class='layer'><span class='layer-label'>情緒</span><span class='layer-text'>🌤 觀察盤</span></div>,短線壓回但承接尚在，較像換手整理。<br>目前較適合觀察確認。 空間偏緊，較像要先等確認的盤。 量縮壓縮味道明顯，等待方向確認即可。,"方向：觀察整理
關鍵：守住 161(前低) / 160(30M平台)，突破 162.5(30M平台) / 164.5(前高)，RR 偏緊
劇本：先看支撐是否守穩；重新站回壓力才提高攻擊假設。 量縮等待表態。",多方回檔,多｜強多,空｜偏空,放量｜RV 6.37x｜均線下彎,MCU,3,量縮壓縮
5469 瀚宇博,PCB載板材料,85.2,70,多方回檔｜看關鍵位,🌤 觀察盤,temp-neutral,洗盤,85.65(MA60) / 86.3(30M平台),84(前低) / 84(30M平台),0.38,<div class='layer'><span class='layer-label'>日K</span><span class='layer-text'>多｜偏多</span></div><div class='layer'><span class='layer-label'>30M</span><span class='layer-text'>空｜偏空</span></div><div class='layer'><span class='layer-label'>位階</span><span class='layer-text'>中繼位階</span></div><div class='layer'><span class='layer-label'>節奏</span><span class='layer-text'>放量｜RV 3.94x</span></div><div class='layer'><span class='layer-label'>情緒</span><span class='layer-text'>🌤 觀察盤</span></div>,短線壓回但承接尚在，較像換手整理。<br>目前較適合觀察確認。 空間偏緊，較像要先等確認的盤。 量縮壓縮味道明顯，等待方向確認即可。,"方向：觀察整理
關鍵：守住 84(前低) / 84(30M平台)，突破 85.65(MA60) / 86.3(30M平台)，RR 偏緊
劇本：先看支撐是否守穩；重新站回壓力才提高攻擊假設。 量縮等待表態。",多方回檔,多｜偏多,空｜偏空,放量｜RV 3.94x｜均線下彎,PCB載板材料,3,量縮壓縮
3035 智原,ASIC,207.0,66,高檔出貨｜偏保守,⚠️ 高風險盤,temp-danger,高檔出貨,208.5(前高) / 210(30M平台),206.5(30M平台) / 202.5(前低),3.00,<div class='layer'><span class='layer-label'>日K</span><span class='layer-text'>多｜強多</span></div><div class='layer'><span class='layer-label'>30M</span><span class='layer-text'>空｜偏空</span></div><div class='layer'><span class='layer-label'>位階</span><span class='layer-text'>中繼位階</span></div><div class='layer'><span class='layer-label'>節奏</span><span class='layer-text'>放量｜RV 2.93x</span></div><div class='layer'><span class='layer-label'>情緒</span><span class='layer-text'>⚠️ 高風險盤</span></div>,上方賣壓已明顯，爆量後若無法延續，容易轉弱。<br>風險開始升高，追價要更保守。 空間條件不差，若結構延續，仍有操作彈性。,"方向：風險偏空
關鍵：守住 206.5(30M平台) / 202.5(前低)，突破 208.5(前高) / 210(30M平台)，RR 佳
劇本：盤面風險升高，先保守；反彈若不過壓力仍偏弱；跌破支撐風險會再升高。",高檔出貨,多｜強多,空｜偏空,放量｜RV 2.93x｜橫向整理,ASIC,8,高檔轉弱
2359 所羅門,機器人,143.0,66,多方回檔｜看關鍵位,🌤 觀察盤,temp-neutral,洗盤,144.5(30M平台) / 144.5(前高),137(前低) / 137(30M平台),0.25,<div class='layer'><span class='layer-label'>日K</span><span class='layer-text'>多｜強多</span></div><div class='layer'><span class='layer-label'>30M</span><span class='layer-text'>空｜強多</span></div><div class='layer'><span class='layer-label'>位階</span><span class='layer-text'>中繼位階</span></div><div class='layer'><span class='layer-label'>節奏</span><span class='layer-text'>放量｜RV 2.95x</span></div><div class='layer'><span class='layer-label'>情緒</span><span class='layer-text'>🌤 觀察盤</span></div>,短線壓回但承接尚在，較像換手整理。<br>目前較適合觀察確認。 空間偏緊，較像要先等確認的盤。,"方向：觀察整理
關鍵：守住 137(前低) / 137(30M平台)，突破 144.5(30M平台) / 144.5(前高)，RR 偏緊
劇本：先看支撐是否守穩；重新站回壓力才提高攻擊假設。",多方回檔,多｜強多,空｜強多,放量｜RV 2.95x｜橫向整理,機器人,3,一般整理
3211 順達,BBU,436.0,62,高檔出貨｜偏保守,⚠️ 高風險盤,temp-danger,高檔出貨,447.5(30M平台) / 464(前高),429(30M平台) / 392.23(MA20),1.64,<div class='layer'><span class='layer-label'>日K</span><span class='layer-text'>多｜強多</span></div><div class='layer'><span class='layer-label'>30M</span><span class='layer-text'>空｜偏空</span></div><div class='layer'><span class='layer-label'>位階</span><span class='layer-text'>中繼位階</span></div><div class='layer'><span class='layer-label'>節奏</span><span class='layer-text'>放量｜RV 4.15x</span></div><div class='layer'><span class='layer-label'>情緒</span><span class='layer-text'>⚠️ 高風險盤</span></div>,上方賣壓已明顯，爆量後若無法延續，容易轉弱。<br>風險開始升高，追價要更保守。,"方向：風險偏空
關鍵：守住 429(30M平台) / 392.23(MA20)，突破 447.5(30M平台) / 464(前高)
劇本：盤面風險升高，先保守；反彈若不過壓力仍偏弱；跌破支撐風險會再升高。",高檔出貨,多｜強多,空｜偏空,放量｜RV 4.15x｜均線下彎,BBU,8,高檔轉弱
4979 華星光,光通訊,624.0,61,主跌空｜偏保守,⚠️ 高風險盤,temp-danger,主跌,628(前高) / 644(30M平台),604(前低) / 604(30M平台),5.00,<div class='layer'><span class='layer-label'>日K</span><span class='layer-text'>空｜偏多</span></div><div class='layer'><span class='layer-label'>30M</span><span class='layer-text'>空｜偏多</span></div><div class='layer'><span class='layer-label'>位階</span><span class='layer-text'>中繼位階</span></div><div class='layer'><span class='layer-label'>節奏</span><span class='layer-text'>放量｜RV 4.75x</span></div><div class='layer'><span class='layer-label'>情緒</span><span class='layer-text'>⚠️ 高風險盤</span></div>,空方主導，反彈先看壓力。<br>風險開始升高，追價要更保守。 空間條件不差，若結構延續，仍有操作彈性。,"方向：風險偏空
關鍵：守住 604(前低) / 604(30M平台)，突破 628(前高) / 644(30M平台)，RR 佳
劇本：盤面風險升高，先保守；反彈若不過壓力仍偏弱；跌破支撐風險會再升高。",主跌空,空｜偏多,空｜偏多,放量｜RV 4.75x｜均線下彎,光通訊,10,一般整理
3324 雙鴻,散熱液冷,1065.0,61,空方反彈｜看關鍵位,🌤 觀察盤,temp-neutral,反彈,1096.95(保守壓力),1042.85(MA20) / 1005(前低),0.69,<div class='layer'><span class='layer-label'>日K</span><span class='layer-text'>空｜強多</span></div><div class='layer'><span class='layer-label'>30M</span><span class='layer-text'>多｜強多</span></div><div class='layer'><span class='layer-label'>位階</span><span class='layer-text'>均線附近</span></div><div class='layer'><span class='layer-label'>節奏</span><span class='layer-text'>放量｜RV 1.81x</span></div><div class='layer'><span class='layer-label'>情緒</span><span class='layer-text'>🌤 觀察盤</span></div>,屬於修復性反彈，重點看壓力能否消化。<br>目前較適合觀察確認。 空間偏緊，較像要先等確認的盤。,"方向：觀察整理
關鍵：守住 1042.85(MA20) / 1005(前低)，突破 1096.95(保守壓力)，RR 偏緊
劇本：先看支撐是否守穩；重新站回壓力才提高攻擊假設。",空方反彈,空｜強多,多｜強多,放量｜RV 1.81x｜均線上彎,散熱液冷,5,一般整理
6239 力成,封測,379.0,61,末升段｜空間緊,🌤 觀察盤,temp-neutral,末升,384.5(30M平台),357.5(30M平台) / 340.5(前低),0.26,<div class='layer'><span class='layer-label'>日K</span><span class='layer-text'>多｜強多</span></div><div class='layer'><span class='layer-label'>30M</span><span class='layer-text'>多｜強多</span></div><div class='layer'><span class='layer-label'>位階</span><span class='layer-text'>高檔延伸</span></div><div class='layer'><span class='layer-label'>節奏</span><span class='layer-text'>放量｜RV 5.52x</span></div><div class='layer'><span class='layer-label'>情緒</span><span class='layer-text'>🌤 觀察盤</span></div>,漲勢仍在，但尾段容易出現震盪。<br>目前較適合觀察確認。 空間偏緊，較像要先等確認的盤。,"方向：高檔震盪
關鍵：守住 357.5(30M平台) / 340.5(前低)，突破 384.5(30M平台)，RR 偏緊
劇本：若量能無法延續，不追高；失守支撐先控風險。",末升段,多｜強多,多｜強多,放量｜RV 5.52x｜均線上彎,封測,1,短線轉強
8255 朋程,車電功率,199.5,61,末升段｜空間緊,🌤 觀察盤,temp-neutral,末升,201.5(30M平台),184.5(前低) / 184.5(30M平台),0.13,<div class='layer'><span class='layer-label'>日K</span><span class='layer-text'>多｜強多</span></div><div class='layer'><span class='layer-label'>30M</span><span class='layer-text'>多｜強多</span></div><div class='layer'><span class='layer-label'>位階</span><span class='layer-text'>高檔延伸</span></div><div class='layer'><span class='layer-label'>節奏</span><span class='layer-text'>放量｜RV 2.08x</span></div><div class='layer'><span class='layer-label'>情緒</span><span class='layer-text'>🌤 觀察盤</span></div>,漲勢仍在，但尾段容易出現震盪。<br>目前較適合觀察確認。 空間偏緊，較像要先等確認的盤。,"方向：高檔震盪
關鍵：守住 184.5(前低) / 184.5(30M平台)，突破 201.5(30M平台)，RR 偏緊
劇本：若量能無法延續，不追高；失守支撐先控風險。",末升段,多｜強多,多｜強多,放量｜RV 2.08x｜沿短均線攻擊,車電功率,1,短線轉強
2376 技嘉,AI伺服器,370.0,61,末升段｜空間緊,🌤 觀察盤,temp-neutral,末升,371(30M平台),337.5(30M平台) / 332.5(前低),0.03,<div class='layer'><span class='layer-label'>日K</span><span class='layer-text'>多｜強多</span></div><div class='layer'><span class='layer-label'>30M</span><span class='layer-text'>多｜強多</span></div><div class='layer'><span class='layer-label'>位階</span><span class='layer-text'>高檔延伸</span></div><div class='layer'><span class='layer-label'>節奏</span><span class='layer-text'>放量｜RV 5.96x</span></div><div class='layer'><span class='layer-label'>情緒</span><span class='layer-text'>🌤 觀察盤</span></div>,漲勢仍在，但尾段容易出現震盪。<br>目前較適合觀察確認。 空間偏緊，較像要先等確認的盤。,"方向：高檔震盪
關鍵：守住 337.5(30M平台) / 332.5(前低)，突破 371(30M平台)，RR 偏緊
劇本：若量能無法延續，不追高；失守支撐先控風險。",末升段,多｜強多,多｜強多,放量｜RV 5.96x｜均線上彎,AI伺服器,1,短線轉強
2451 創見,記憶體,338.0,60,末升段｜空間緊,🌤 觀察盤,temp-neutral,末升,339.5(30M平台),322(30M平台) / 321(前低),0.09,<div class='layer'><span class='layer-label'>日K</span><span class='layer-text'>多｜強多</span></div><div class='layer'><span class='layer-label'>30M</span><span class='layer-text'>多｜強多</span></div><div class='layer'><span class='layer-label'>位階</span><span class='layer-text'>高檔延伸</span></div><div class='layer'><span class='layer-label'>節奏</span><span class='layer-text'>放量｜RV 4.27x</span></div><div class='layer'><span class='layer-label'>情緒</span><span class='layer-text'>🌤 觀察盤</span></div>,漲勢仍在，但尾段容易出現震盪。<br>目前較適合觀察確認。 空間偏緊，較像要先等確認的盤。 量縮壓縮味道明顯，等待方向確認即可。,"方向：高檔震盪
關鍵：守住 322(30M平台) / 321(前低)，突破 339.5(30M平台)，RR 偏緊
劇本：若量能無法延續，不追高；失守支撐先控風險。 量縮等待表態。",末升段,多｜強多,多｜強多,放量｜RV 4.27x｜沿短均線攻擊,記憶體,1,量縮壓縮
3450 聯鈞,光通訊,490.5,58,多方回檔｜看關鍵位,🌤 觀察盤,temp-neutral,洗盤,492(大量K) / 492.5(30M平台),487.5(大量K) / 481(前低),0.50,<div class='layer'><span class='layer-label'>日K</span><span class='layer-text'>多｜強多</span></div><div class='layer'><span class='layer-label'>30M</span><span class='layer-text'>空｜偏多</span></div><div class='layer'><span class='layer-label'>位階</span><span class='layer-text'>高檔延伸</span></div><div class='layer'><span class='layer-label'>節奏</span><span class='layer-text'>放量｜RV 3.62x</span></div><div class='layer'><span class='layer-label'>情緒</span><span class='layer-text'>🌤 觀察盤</span></div>,短線壓回但承接尚在，較像換手整理。<br>目前較適合觀察確認。 空間偏緊，較像要先等確認的盤。 量縮壓縮味道明顯，等待方向確認即可。,"方向：觀察整理
關鍵：守住 487.5(大量K) / 481(前低)，突破 492(大量K) / 492.5(30M平台)，RR 偏緊
劇本：先看支撐是否守穩；重新站回壓力才提高攻擊假設。 量縮等待表態。",多方回檔,多｜強多,空｜偏多,放量｜RV 3.62x｜均線下彎,光通訊,3,量縮壓縮
3711 日月光投控,封測,611.0,58,多方回檔｜看關鍵位,🌤 觀察盤,temp-neutral,洗盤,627(30M平台) / 642(前高),549.85(MA20),0.26,<div class='layer'><span class='layer-label'>日K</span><span class='layer-text'>多｜強多</span></div><div class='layer'><span class='layer-label'>30M</span><span class='layer-text'>空｜偏空</span></div><div class='layer'><span class='layer-label'>位階</span><span class='layer-text'>高檔延伸</span></div><div class='layer'><span class='layer-label'>節奏</span><span class='layer-text'>放量｜RV 7.49x</span></div><div class='layer'><span class='layer-label'>情緒</span><span class='layer-text'>🌤 觀察盤</span></div>,短線壓回但承接尚在，較像換手整理。<br>目前較適合觀察確認。 空間偏緊，較像要先等確認的盤。 量縮壓縮味道明顯，等待方向確認即可。,"方向：觀察整理
關鍵：守住 549.85(MA20)，突破 627(30M平台) / 642(前高)，RR 偏緊
劇本：先看支撐是否守穩；重新站回壓力才提高攻擊假設。 量縮等待表態。",多方回檔,多｜強多,空｜偏空,放量｜RV 7.49x｜沿短均線下殺,封測,3,量縮壓縮
2363 矽統,ASIC,66.9,58,多方回檔｜看關鍵位,🌤 觀察盤,temp-neutral,洗盤,67.1(30M平台),64.7(前低) / 63.8(30M平台),0.09,<div class='layer'><span class='layer-label'>日K</span><span class='layer-text'>多｜強多</span></div><div class='layer'><span class='layer-label'>30M</span><span class='layer-text'>空｜偏多</span></div><div class='layer'><span class='layer-label'>位階</span><span class='layer-text'>高檔延伸</span></div><div class='layer'><span class='layer-label'>節奏</span><span class='layer-text'>放量｜RV 2.16x</span></div><div class='layer'><span class='layer-label'>情緒</span><span class='layer-text'>🌤 觀察盤</span></div>,短線壓回但承接尚在，較像換手整理。<br>目前較適合觀察確認。 空間偏緊，較像要先等確認的盤。 量縮壓縮味道明顯，等待方向確認即可。,"方向：觀察整理
關鍵：守住 64.7(前低) / 63.8(30M平台)，突破 67.1(30M平台)，RR 偏緊
劇本：先看支撐是否守穩；重新站回壓力才提高攻擊假設。 量縮等待表態。",多方回檔,多｜強多,空｜偏多,放量｜RV 2.16x｜橫向整理,ASIC,3,量縮壓縮
3017 奇鋐,散熱液冷,2665.0,57,主跌空｜偏保守,⚠️ 高風險盤,temp-danger,主跌,2695(30M平台) / 2700(前高),2580(前低) / 2565(30M平台),2.83,<div class='layer'><span class='layer-label'>日K</span><span class='layer-text'>空｜強多</span></div><div class='layer'><span class='layer-label'>30M</span><span class='layer-text'>空｜偏空</span></div><div class='layer'><span class='layer-label'>位階</span><span class='layer-text'>中繼位階</span></div><div class='layer'><span class='layer-label'>節奏</span><span class='layer-text'>放量｜RV 9.36x</span></div><div class='layer'><span class='layer-label'>情緒</span><span class='layer-text'>⚠️ 高風險盤</span></div>,空方主導，反彈先看壓力。<br>風險開始升高，追價要更保守。 空間條件不差，若結構延續，仍有操作彈性。,"方向：風險偏空
關鍵：守住 2580(前低) / 2565(30M平台)，突破 2695(30M平台) / 2700(前高)，RR 佳
劇本：盤面風險升高，先保守；反彈若不過壓力仍偏弱；跌破支撐風險會再升高。",主跌空,空｜強多,空｜偏空,放量｜RV 9.36x｜均線下彎,散熱液冷,10,一般整理
6669 緯穎,AI伺服器,5445.0,56,末升段｜空間緊,🌤 觀察盤,temp-neutral,末升,5608.35(保守壓力),5202.25(MA20) / 4950(30M平台),0.67,<div class='layer'><span class='layer-label'>日K</span><span class='layer-text'>多｜強多</span></div><div class='layer'><span class='layer-label'>30M</span><span class='layer-text'>多｜強多</span></div><div class='layer'><span class='layer-label'>位階</span><span class='layer-text'>高檔延伸</span></div><div class='layer'><span class='layer-label'>節奏</span><span class='layer-text'>放量｜RV 6.12x</span></div><div class='layer'><span class='layer-label'>情緒</span><span class='layer-text'>🌤 觀察盤</span></div>,漲勢仍在，但尾段容易出現震盪。<br>目前較適合觀察確認。 空間偏緊，較像要先等確認的盤。,"方向：高檔震盪
關鍵：守住 5202.25(MA20) / 4950(30M平台)，突破 5608.35(保守壓力)，RR 偏緊
劇本：若量能無法延續，不追高；失守支撐先控風險。",末升段,多｜強多,多｜強多,放量｜RV 6.12x｜沿短均線攻擊,AI伺服器,1,一般整理
8039 台虹,PCB載板材料,162.0,56,末升段｜空間緊,🌤 觀察盤,temp-neutral,末升,163(大量K) / 168.5(30M平台),160(大量K) / 153.5(前低),0.50,<div class='layer'><span class='layer-label'>日K</span><span class='layer-text'>多｜強多</span></div><div class='layer'><span class='layer-label'>30M</span><span class='layer-text'>多｜強多</span></div><div class='layer'><span class='layer-label'>位階</span><span class='layer-text'>高檔延伸</span></div><div class='layer'><span class='layer-label'>節奏</span><span class='layer-text'>放量｜RV 6.78x</span></div><div class='layer'><span class='layer-label'>情緒</span><span class='layer-text'>🌤 觀察盤</span></div>,漲勢仍在，但尾段容易出現震盪。<br>目前較適合觀察確認。 空間偏緊，較像要先等確認的盤。,"方向：高檔震盪
關鍵：守住 160(大量K) / 153.5(前低)，突破 163(大量K) / 168.5(30M平台)，RR 偏緊
劇本：若量能無法延續，不追高；失守支撐先控風險。",末升段,多｜強多,多｜強多,放量｜RV 6.78x｜均線上彎,PCB載板材料,1,一般整理
2344 華邦電,記憶體,158.0,56,末升段｜空間緊,🌤 觀察盤,temp-neutral,末升,162.74(保守壓力),144(前低) / 143.5(30M平台),0.34,<div class='layer'><span class='layer-label'>日K</span><span class='layer-text'>多｜強多</span></div><div class='layer'><span class='layer-label'>30M</span><span class='layer-text'>多｜強多</span></div><div class='layer'><span class='layer-label'>位階</span><span class='layer-text'>高檔延伸</span></div><div class='layer'><span class='layer-label'>節奏</span><span class='layer-text'>放量｜RV 3.50x</span></div><div class='layer'><span class='layer-label'>情緒</span><span class='layer-text'>🌤 觀察盤</span></div>,漲勢仍在，但尾段容易出現震盪。<br>目前較適合觀察確認。 空間偏緊，較像要先等確認的盤。,"方向：高檔震盪
關鍵：守住 144(前低) / 143.5(30M平台)，突破 162.74(保守壓力)，RR 偏緊
劇本：若量能無法延續，不追高；失守支撐先控風險。",末升段,多｜強多,多｜強多,放量｜RV 3.50x｜均線上彎,記憶體,1,一般整理
8150 南茂,封測,113.0,56,末升段｜空間緊,🌤 觀察盤,temp-neutral,末升,116.39(保守壓力),103(30M平台) / 93.9(前低),0.34,<div class='layer'><span class='layer-label'>日K</span><span class='layer-text'>多｜強多</span></div><div class='layer'><span class='layer-label'>30M</span><span class='layer-text'>多｜強多</span></div><div class='layer'><span class='layer-label'>位階</span><span class='layer-text'>高檔延伸</span></div><div class='layer'><span class='layer-label'>節奏</span><span class='layer-text'>放量｜RV 4.71x</span></div><div class='layer'><span class='layer-label'>情緒</span><span class='layer-text'>🌤 觀察盤</span></div>,漲勢仍在，但尾段容易出現震盪。<br>目前較適合觀察確認。 空間偏緊，較像要先等確認的盤。,"方向：高檔震盪
關鍵：守住 103(30M平台) / 93.9(前低)，突破 116.39(保守壓力)，RR 偏緊
劇本：若量能無法延續，不追高；失守支撐先控風險。",末升段,多｜強多,多｜強多,放量｜RV 4.71x｜均線上彎,封測,1,一般整理
2356 英業達,AI伺服器,70.2,56,末升段｜空間緊,🌤 觀察盤,temp-neutral,末升,72.31(保守壓力),63.9(30M平台) / 62(前低),0.33,<div class='layer'><span class='layer-label'>日K</span><span class='layer-text'>多｜強多</span></div><div class='layer'><span class='layer-label'>30M</span><span class='layer-text'>多｜強多</span></div><div class='layer'><span class='layer-label'>位階</span><span class='layer-text'>高檔延伸</span></div><div class='layer'><span class='layer-label'>節奏</span><span class='layer-text'>放量｜RV 4.54x</span></div><div class='layer'><span class='layer-label'>情緒</span><span class='layer-text'>🌤 觀察盤</span></div>,漲勢仍在，但尾段容易出現震盪。<br>目前較適合觀察確認。 空間偏緊，較像要先等確認的盤。,"方向：高檔震盪
關鍵：守住 63.9(30M平台) / 62(前低)，突破 72.31(保守壓力)，RR 偏緊
劇本：若量能無法延續，不追高；失守支撐先控風險。",末升段,多｜強多,多｜強多,放量｜RV 4.54x｜沿短均線攻擊,AI伺服器,1,一般整理
6147 頎邦,封測,305.5,56,末升段｜空間緊,🌤 觀察盤,temp-neutral,末升,314.67(保守壓力),275.5(30M平台) / 265(前低),0.31,<div class='layer'><span class='layer-label'>日K</span><span class='layer-text'>多｜強多</span></div><div class='layer'><span class='layer-label'>30M</span><span class='layer-text'>多｜強多</span></div><div class='layer'><span class='layer-label'>位階</span><span class='layer-text'>高檔延伸</span></div><div class='layer'><span class='layer-label'>節奏</span><span class='layer-text'>放量｜RV 8.55x</span></div><div class='layer'><span class='layer-label'>情緒</span><span class='layer-text'>🌤 觀察盤</span></div>,漲勢仍在，但尾段容易出現震盪。<br>目前較適合觀察確認。 空間偏緊，較像要先等確認的盤。,"方向：高檔震盪
關鍵：守住 275.5(30M平台) / 265(前低)，突破 314.67(保守壓力)，RR 偏緊
劇本：若量能無法延續，不追高；失守支撐先控風險。",末升段,多｜強多,多｜強多,放量｜RV 8.55x｜均線上彎,封測,1,一般整理
4571 鈞興-KY,機器人,222.0,56,末升段｜空間緊,🌤 觀察盤,temp-neutral,末升,224.5(30M平台),212(前低) / 211(30M平台),0.25,<div class='layer'><span class='layer-label'>日K</span><span class='layer-text'>多｜強多</span></div><div class='layer'><span class='layer-label'>30M</span><span class='layer-text'>多｜強多</span></div><div class='layer'><span class='layer-label'>位階</span><span class='layer-text'>高檔延伸</span></div><div class='layer'><span class='layer-label'>節奏</span><span class='layer-text'>放量｜RV 2.92x</span></div><div class='layer'><span class='layer-label'>情緒</span><span class='layer-text'>🌤 觀察盤</span></div>,漲勢仍在，但尾段容易出現震盪。<br>目前較適合觀察確認。 空間偏緊，較像要先等確認的盤。,"方向：高檔震盪
關鍵：守住 212(前低) / 211(30M平台)，突破 224.5(30M平台)，RR 偏緊
劇本：若量能無法延續，不追高；失守支撐先控風險。",末升段,多｜強多,多｜強多,放量｜RV 2.92x｜沿短均線攻擊,機器人,1,一般整理
8299 群聯,記憶體,2575.0,56,末升段｜空間緊,🌤 觀察盤,temp-neutral,末升,2590(30M平台),2476.75(MA20) / 2450(30M平台),0.15,<div class='layer'><span class='layer-label'>日K</span><span class='layer-text'>多｜強多</span></div><div class='layer'><span class='layer-label'>30M</span><span class='layer-text'>多｜強多</span></div><div class='layer'><span class='layer-label'>位階</span><span class='layer-text'>高檔延伸</span></div><div class='layer'><span class='layer-label'>節奏</span><span class='layer-text'>放量｜RV 5.28x</span></div><div class='layer'><span class='layer-label'>情緒</span><span class='layer-text'>🌤 觀察盤</span></div>,漲勢仍在，但尾段容易出現震盪。<br>目前較適合觀察確認。 空間偏緊，較像要先等確認的盤。,"方向：高檔震盪
關鍵：守住 2476.75(MA20) / 2450(30M平台)，突破 2590(30M平台)，RR 偏緊
劇本：若量能無法延續，不追高；失守支撐先控風險。",末升段,多｜強多,多｜強多,放量｜RV 5.28x｜沿短均線攻擊,記憶體,1,一般整理
2408 南亞科,記憶體,347.0,56,末升段｜空間緊,🌤 觀察盤,temp-neutral,末升,349(30M平台),324(30M平台) / 312(前低),0.09,<div class='layer'><span class='layer-label'>日K</span><span class='layer-text'>多｜強多</span></div><div class='layer'><span class='layer-label'>30M</span><span class='layer-text'>多｜強多</span></div><div class='layer'><span class='layer-label'>位階</span><span class='layer-text'>高檔延伸</span></div><div class='layer'><span class='layer-label'>節奏</span><span class='layer-text'>放量｜RV 2.50x</span></div><div class='layer'><span class='layer-label'>情緒</span><span class='layer-text'>🌤 觀察盤</span></div>,漲勢仍在，但尾段容易出現震盪。<br>目前較適合觀察確認。 空間偏緊，較像要先等確認的盤。,"方向：高檔震盪
關鍵：守住 324(30M平台) / 312(前低)，突破 349(30M平台)，RR 偏緊
劇本：若量能無法延續，不追高；失守支撐先控風險。",末升段,多｜強多,多｜強多,放量｜RV 2.50x｜沿短均線攻擊,記憶體,1,一般整理
3189 景碩,PCB載板材料,729.0,56,末升段｜空間緊,🌤 觀察盤,temp-neutral,末升,731(30M平台),681(前低) / 681(30M平台),0.04,<div class='layer'><span class='layer-label'>日K</span><span class='layer-text'>多｜強多</span></div><div class='layer'><span class='layer-label'>30M</span><span class='layer-text'>多｜強多</span></div><div class='layer'><span class='layer-label'>位階</span><span class='layer-text'>高檔延伸</span></div><div class='layer'><span class='layer-label'>節奏</span><span class='layer-text'>放量｜RV 4.63x</span></div><div class='layer'><span class='layer-label'>情緒</span><span class='layer-text'>🌤 觀察盤</span></div>,漲勢仍在，但尾段容易出現震盪。<br>目前較適合觀察確認。 空間偏緊，較像要先等確認的盤。,"方向：高檔震盪
關鍵：守住 681(前低) / 681(30M平台)，突破 731(30M平台)，RR 偏緊
劇本：若量能無法延續，不追高；失守支撐先控風險。",末升段,多｜強多,多｜強多,放量｜RV 4.63x｜沿短均線攻擊,PCB載板材料,1,一般整理
4958 臻鼎-KY,PCB載板材料,515.0,54,多方回檔｜看關鍵位,🌤 觀察盤,temp-neutral,洗盤,532(前高),486(前低) / 481(30M平台),0.59,<div class='layer'><span class='layer-label'>日K</span><span class='layer-text'>多｜強多</span></div><div class='layer'><span class='layer-label'>30M</span><span class='layer-text'>空｜強多</span></div><div class='layer'><span class='layer-label'>位階</span><span class='layer-text'>高檔延伸</span></div><div class='layer'><span class='layer-label'>節奏</span><span class='layer-text'>放量｜RV 7.80x</span></div><div class='layer'><span class='layer-label'>情緒</span><span class='layer-text'>🌤 觀察盤</span></div>,短線壓回但承接尚在，較像換手整理。<br>目前較適合觀察確認。 空間偏緊，較像要先等確認的盤。,"方向：觀察整理
關鍵：守住 486(前低) / 481(30M平台)，突破 532(前高)，RR 偏緊
劇本：先看支撐是否守穩；重新站回壓力才提高攻擊假設。",多方回檔,多｜強多,空｜強多,放量｜RV 7.80x｜橫向整理,PCB載板材料,3,一般整理
4931 新盛力,BBU,229.5,53,末升段｜空間緊,🌤 觀察盤,temp-neutral,末升,236.39(保守壓力),209(30M平台) / 207(前低),0.34,<div class='layer'><span class='layer-label'>日K</span><span class='layer-text'>多｜強多</span></div><div class='layer'><span class='layer-label'>30M</span><span class='layer-text'>多｜強多</span></div><div class='layer'><span class='layer-label'>位階</span><span class='layer-text'>高檔延伸</span></div><div class='layer'><span class='layer-label'>節奏</span><span class='layer-text'>放量｜RV 1.56x</span></div><div class='layer'><span class='layer-label'>情緒</span><span class='layer-text'>🌤 觀察盤</span></div>,漲勢仍在，但尾段容易出現震盪。<br>目前較適合觀察確認。 空間偏緊，較像要先等確認的盤。,"方向：高檔震盪
關鍵：守住 209(30M平台) / 207(前低)，突破 236.39(保守壓力)，RR 偏緊
劇本：若量能無法延續，不追高；失守支撐先控風險。",末升段,多｜強多,多｜強多,放量｜RV 1.56x｜均線上彎,BBU,1,一般整理
2301 光寶科,AI伺服器,234.5,48,高檔出貨｜偏保守,⚠️ 高風險盤,temp-danger,高檔出貨,239(30M平台) / 246(前高),230.5(前低) / 229(30M平台),1.12,<div class='layer'><span class='layer-label'>日K</span><span class='layer-text'>多｜強多</span></div><div class='layer'><span class='layer-label'>30M</span><span class='layer-text'>空｜偏空</span></div><div class='layer'><span class='layer-label'>位階</span><span class='layer-text'>高檔延伸</span></div><div class='layer'><span class='layer-label'>節奏</span><span class='layer-text'>放量｜RV 8.48x</span></div><div class='layer'><span class='layer-label'>情緒</span><span class='layer-text'>⚠️ 高風險盤</span></div>,上方賣壓已明顯，爆量後若無法延續，容易轉弱。<br>風險開始升高，追價要更保守。 追價報酬效率普通，宜等更明確的突破。,"方向：風險偏空
關鍵：守住 230.5(前低) / 229(30M平台)，突破 239(30M平台) / 246(前高)
劇本：盤面風險升高，先保守；反彈若不過壓力仍偏弱；跌破支撐風險會再升高。",高檔出貨,多｜強多,空｜偏空,放量｜RV 8.48x｜均線下彎,AI伺服器,8,高檔轉弱
4562 穎漢,機器人,41.45,48,高檔出貨｜偏保守,⚠️ 高風險盤,temp-danger,高檔出貨,42.5(30M平台),40.3(前低) / 40.2(30M平台),0.91,<div class='layer'><span class='layer-label'>日K</span><span class='layer-text'>多｜偏多</span></div><div class='layer'><span class='layer-label'>30M</span><span class='layer-text'>空｜偏空</span></div><div class='layer'><span class='layer-label'>位階</span><span class='layer-text'>中繼位階</span></div><div class='layer'><span class='layer-label'>節奏</span><span class='layer-text'>放量｜RV 2.40x</span></div><div class='layer'><span class='layer-label'>情緒</span><span class='layer-text'>⚠️ 高風險盤</span></div>,上方賣壓已明顯，爆量後若無法延續，容易轉弱。<br>風險開始升高，追價要更保守。 追價報酬效率普通，宜等更明確的突破。,"方向：風險偏空
關鍵：守住 40.3(前低) / 40.2(30M平台)，突破 42.5(30M平台)，RR 偏緊
劇本：盤面風險升高，先保守；反彈若不過壓力仍偏弱；跌破支撐風險會再升高。",高檔出貨,多｜偏多,空｜偏空,放量｜RV 2.40x｜橫向整理,機器人,8,高檔轉弱
8054 安國,自選題材,102.5,47,空方壓縮｜等方向,🌫 等待盤,temp-cool,空方壓縮,103.21(MA60) / 103.5(30M平台),102(30M平台),0.70,<div class='layer'><span class='layer-label'>日K</span><span class='layer-text'>空｜偏空</span></div><div class='layer'><span class='layer-label'>30M</span><span class='layer-text'>空｜強空</span></div><div class='layer'><span class='layer-label'>位階</span><span class='layer-text'>中繼位階</span></div><div class='layer'><span class='layer-label'>節奏</span><span class='layer-text'>放量｜RV 2.82x</span></div><div class='layer'><span class='layer-label'>情緒</span><span class='layer-text'>🌫 等待盤</span></div>,空方整理中，若支撐守不住，往下可能加速。<br>市場還在收斂，等確認後再看。 空間偏緊，較像要先等確認的盤。 量縮壓縮味道明顯，等待方向確認即可。,"方向：盤整待變
關鍵：守住 102(30M平台)，突破 103.21(MA60) / 103.5(30M平台)，RR 偏緊
劇本：等待壓力或支撐其中一邊被確認，再決定追蹤方向。 量縮等待表態。",空方壓縮,空｜偏空,空｜強空,放量｜RV 2.82x｜均線下彎,自選題材,6,量縮壓縮
4967 十銓,記憶體,276.0,47,空方壓縮｜等方向,🌫 等待盤,temp-cool,空方壓縮,284.28(保守壓力),270.5(30M平台) / 267(前低),0.66,<div class='layer'><span class='layer-label'>日K</span><span class='layer-text'>空｜偏多</span></div><div class='layer'><span class='layer-label'>30M</span><span class='layer-text'>空｜強多</span></div><div class='layer'><span class='layer-label'>位階</span><span class='layer-text'>中繼位階</span></div><div class='layer'><span class='layer-label'>節奏</span><span class='layer-text'>放量｜RV 2.79x</span></div><div class='layer'><span class='layer-label'>情緒</span><span class='layer-text'>🌫 等待盤</span></div>,空方整理中，若支撐守不住，往下可能加速。<br>市場還在收斂，等確認後再看。 空間偏緊，較像要先等確認的盤。 量縮壓縮味道明顯，等待方向確認即可。,"方向：盤整待變
關鍵：守住 270.5(30M平台) / 267(前低)，突破 284.28(保守壓力)，RR 偏緊
劇本：等待壓力或支撐其中一邊被確認，再決定追蹤方向。 量縮等待表態。",空方壓縮,空｜偏多,空｜強多,放量｜RV 2.79x｜沿短均線攻擊,記憶體,6,量縮壓縮
6781 AES-KY,BBU,1160.0,47,空方壓縮｜等方向,🌫 等待盤,temp-cool,空方壓縮,1195(30M平台) / 1205(前高),1150(30M平台),0.29,<div class='layer'><span class='layer-label'>日K</span><span class='layer-text'>空｜偏多</span></div><div class='layer'><span class='layer-label'>30M</span><span class='layer-text'>空｜強空</span></div><div class='layer'><span class='layer-label'>位階</span><span class='layer-text'>中繼位階</span></div><div class='layer'><span class='layer-label'>節奏</span><span class='layer-text'>放量｜RV 3.96x</span></div><div class='layer'><span class='layer-label'>情緒</span><span class='layer-text'>🌫 等待盤</span></div>,空方整理中，若支撐守不住，往下可能加速。<br>市場還在收斂，等確認後再看。 空間偏緊，較像要先等確認的盤。 量縮壓縮味道明顯，等待方向確認即可。,"方向：盤整待變
關鍵：守住 1150(30M平台)，突破 1195(30M平台) / 1205(前高)，RR 偏緊
劇本：等待壓力或支撐其中一邊被確認，再決定追蹤方向。 量縮等待表態。",空方壓縮,空｜偏多,空｜強空,放量｜RV 3.96x｜均線下彎,BBU,6,量縮壓縮
2368 金像電,PCB載板材料,1320.0,47,空方壓縮｜等方向,🌫 等待盤,temp-cool,空方壓縮,1375(前高),1305(前低) / 1280(30M平台),0.27,<div class='layer'><span class='layer-label'>日K</span><span class='layer-text'>空｜偏空</span></div><div class='layer'><span class='layer-label'>30M</span><span class='layer-text'>空｜偏空</span></div><div class='layer'><span class='layer-label'>位階</span><span class='layer-text'>中繼位階</span></div><div class='layer'><span class='layer-label'>節奏</span><span class='layer-text'>放量｜RV 8.08x</span></div><div class='layer'><span class='layer-label'>情緒</span><span class='layer-text'>🌫 等待盤</span></div>,空方整理中，若支撐守不住，往下可能加速。<br>市場還在收斂，等確認後再看。 空間偏緊，較像要先等確認的盤。 量縮壓縮味道明顯，等待方向確認即可。,"方向：盤整待變
關鍵：守住 1305(前低) / 1280(30M平台)，突破 1375(前高)，RR 偏緊
劇本：等待壓力或支撐其中一邊被確認，再決定追蹤方向。 量縮等待表態。",空方壓縮,空｜偏空,空｜偏空,放量｜RV 8.08x｜均線下彎,PCB載板材料,6,量縮壓縮
3163 波若威,光通訊,1030.0,47,空方壓縮｜等方向,🌫 等待盤,temp-cool,空方壓縮,1070(30M平台) / 1100(前高),1020(30M平台),0.25,<div class='layer'><span class='layer-label'>日K</span><span class='layer-text'>空｜偏空</span></div><div class='layer'><span class='layer-label'>30M</span><span class='layer-text'>空｜強空</span></div><div class='layer'><span class='layer-label'>位階</span><span class='layer-text'>中繼位階</span></div><div class='layer'><span class='layer-label'>節奏</span><span class='layer-text'>放量｜RV 2.13x</span></div><div class='layer'><span class='layer-label'>情緒</span><span class='layer-text'>🌫 等待盤</span></div>,空方整理中，若支撐守不住，往下可能加速。<br>市場還在收斂，等確認後再看。 空間偏緊，較像要先等確認的盤。 量縮壓縮味道明顯，等待方向確認即可。,"方向：盤整待變
關鍵：守住 1020(30M平台)，突破 1070(30M平台) / 1100(前高)，RR 偏緊
劇本：等待壓力或支撐其中一邊被確認，再決定追蹤方向。 量縮等待表態。",空方壓縮,空｜偏空,空｜強空,放量｜RV 2.13x｜均線下彎,光通訊,6,量縮壓縮
5443 均豪,機器人,126.5,47,空方壓縮｜等方向,🌫 等待盤,temp-cool,空方壓縮,128(30M平台),126.15(MA20) / 122(前低),0.23,<div class='layer'><span class='layer-label'>日K</span><span class='layer-text'>空｜強多</span></div><div class='layer'><span class='layer-label'>30M</span><span class='layer-text'>空｜偏多</span></div><div class='layer'><span class='layer-label'>位階</span><span class='layer-text'>中繼位階</span></div><div class='layer'><span class='layer-label'>節奏</span><span class='layer-text'>放量｜RV 2.26x</span></div><div class='layer'><span class='layer-label'>情緒</span><span class='layer-text'>🌫 等待盤</span></div>,空方整理中，若支撐守不住，往下可能加速。<br>市場還在收斂，等確認後再看。 空間偏緊，較像要先等確認的盤。 量縮壓縮味道明顯，等待方向確認即可。,"方向：盤整待變
關鍵：守住 126.15(MA20) / 122(前低)，突破 128(30M平台)，RR 偏緊
劇本：等待壓力或支撐其中一邊被確認，再決定追蹤方向。 量縮等待表態。",空方壓縮,空｜強多,空｜偏多,放量｜RV 2.26x｜均線下彎,機器人,6,量縮壓縮
3363 上詮,光通訊,797.0,47,空方壓縮｜等方向,🌫 等待盤,temp-cool,空方壓縮,809(大量K) / 815(30M平台),795(30M平台),0.17,<div class='layer'><span class='layer-label'>日K</span><span class='layer-text'>空｜偏多</span></div><div class='layer'><span class='layer-label'>30M</span><span class='layer-text'>空｜強空</span></div><div class='layer'><span class='layer-label'>位階</span><span class='layer-text'>中繼位階</span></div><div class='layer'><span class='layer-label'>節奏</span><span class='layer-text'>放量｜RV 2.69x</span></div><div class='layer'><span class='layer-label'>情緒</span><span class='layer-text'>🌫 等待盤</span></div>,空方整理中，若支撐守不住，往下可能加速。<br>市場還在收斂，等確認後再看。 空間偏緊，較像要先等確認的盤。 量縮壓縮味道明顯，等待方向確認即可。,"方向：盤整待變
關鍵：守住 795(30M平台)，突破 809(大量K) / 815(30M平台)，RR 偏緊
劇本：等待壓力或支撐其中一邊被確認，再決定追蹤方向。 量縮等待表態。",空方壓縮,空｜偏多,空｜強空,放量｜RV 2.69x｜沿短均線下殺,光通訊,6,量縮壓縮
3081 聯亞,光通訊,2615.0,47,空方壓縮｜等方向,🌫 等待盤,temp-cool,空方壓縮,2660(30M平台) / 2885(前高),2610(30M平台),0.11,<div class='layer'><span class='layer-label'>日K</span><span class='layer-text'>空｜偏多</span></div><div class='layer'><span class='layer-label'>30M</span><span class='layer-text'>空｜強空</span></div><div class='layer'><span class='layer-label'>位階</span><span class='layer-text'>中繼位階</span></div><div class='layer'><span class='layer-label'>節奏</span><span class='layer-text'>放量｜RV 4.28x</span></div><div class='layer'><span class='layer-label'>情緒</span><span class='layer-text'>🌫 等待盤</span></div>,空方整理中，若支撐守不住，往下可能加速。<br>市場還在收斂，等確認後再看。 空間偏緊，較像要先等確認的盤。 量縮壓縮味道明顯，等待方向確認即可。,"方向：盤整待變
關鍵：守住 2610(30M平台)，突破 2660(30M平台) / 2885(前高)，RR 偏緊
劇本：等待壓力或支撐其中一邊被確認，再決定追蹤方向。 量縮等待表態。",空方壓縮,空｜偏多,空｜強空,放量｜RV 4.28x｜沿短均線下殺,光通訊,6,量縮壓縮
3443 創意,ASIC,4670.0,41,主跌空｜偏保守,⚠️ 高風險盤,temp-danger,主跌,4740(30M平台) / 5100(前高),4590(前低) / 4255(30M平台),1.14,<div class='layer'><span class='layer-label'>日K</span><span class='layer-text'>空｜偏多</span></div><div class='layer'><span class='layer-label'>30M</span><span class='layer-text'>空｜偏空</span></div><div class='layer'><span class='layer-label'>位階</span><span class='layer-text'>高檔延伸</span></div><div class='layer'><span class='layer-label'>節奏</span><span class='layer-text'>放量｜RV 6.08x</span></div><div class='layer'><span class='layer-label'>情緒</span><span class='layer-text'>⚠️ 高風險盤</span></div>,空方主導，反彈先看壓力。<br>風險開始升高，追價要更保守。 追價報酬效率普通，宜等更明確的突破。,"方向：風險偏空
關鍵：守住 4590(前低) / 4255(30M平台)，突破 4740(30M平台) / 5100(前高)
劇本：盤面風險升高，先保守；反彈若不過壓力仍偏弱；跌破支撐風險會再升高。",主跌空,空｜偏多,空｜偏空,放量｜RV 6.08x｜均線下彎,ASIC,10,一般整理
6213 聯茂,PCB載板材料,268.5,29,主跌空｜偏保守,⚠️ 高風險盤,temp-danger,主跌,276.5(前高) / 277.5(30M平台),261(前低) / 261(30M平台),0.94,<div class='layer'><span class='layer-label'>日K</span><span class='layer-text'>空｜偏多</span></div><div class='layer'><span class='layer-label'>30M</span><span class='layer-text'>空｜偏空</span></div><div class='layer'><span class='layer-label'>位階</span><span class='layer-text'>高檔延伸</span></div><div class='layer'><span class='layer-label'>節奏</span><span class='layer-text'>放量｜RV 3.02x</span></div><div class='layer'><span class='layer-label'>情緒</span><span class='layer-text'>⚠️ 高風險盤</span></div>,空方主導，反彈先看壓力。<br>風險開始升高，追價要更保守。 追價報酬效率普通，宜等更明確的突破。,"方向：風險偏空
關鍵：守住 261(前低) / 261(30M平台)，突破 276.5(前高) / 277.5(30M平台)，RR 偏緊
劇本：盤面風險升高，先保守；反彈若不過壓力仍偏弱；跌破支撐風險會再升高。",主跌空,空｜偏多,空｜偏空,放量｜RV 3.02x｜均線下彎,PCB載板材料,10,一般整理
6515 穎崴,封測,8665.0,29,主跌空｜偏保守,⚠️ 高風險盤,temp-danger,主跌,9200(30M平台) / 9795(前高),8405.05(保守支撐),0.49,<div class='layer'><span class='layer-label'>日K</span><span class='layer-text'>空｜偏空</span></div><div class='layer'><span class='layer-label'>30M</span><span class='layer-text'>空｜強空</span></div><div class='layer'><span class='layer-label'>位階</span><span class='layer-text'>中繼位階</span></div><div class='layer'><span class='layer-label'>節奏</span><span class='layer-text'>放量｜RV 3.15x</span></div><div class='layer'><span class='layer-label'>情緒</span><span class='layer-text'>⚠️ 高風險盤</span></div>,空方主導，反彈先看壓力。<br>風險開始升高，追價要更保守。 空間偏緊，較像要先等確認的盤。,"方向：風險偏空
關鍵：守住 8405.05(保守支撐)，突破 9200(30M平台) / 9795(前高)，RR 偏緊
劇本：盤面風險升高，先保守；反彈若不過壓力仍偏弱；跌破支撐風險會再升高。",主跌空,空｜偏空,空｜強空,放量｜RV 3.15x｜沿短均線下殺,封測,10,一般整理
4908 前鼎,光通訊,233.0,17,主跌空｜偏保守,⚠️ 高風險盤,temp-danger,主跌,239(30M平台) / 259.5(前高),232.5(30M平台),0.08,<div class='layer'><span class='layer-label'>日K</span><span class='layer-text'>空｜偏多</span></div><div class='layer'><span class='layer-label'>30M</span><span class='layer-text'>空｜強空</span></div><div class='layer'><span class='layer-label'>位階</span><span class='layer-text'>高檔延伸</span></div><div class='layer'><span class='layer-label'>節奏</span><span class='layer-text'>放量｜RV 3.46x</span></div><div class='layer'><span class='layer-label'>情緒</span><span class='layer-text'>⚠️ 高風險盤</span></div>,空方主導，反彈先看壓力。<br>風險開始升高，追價要更保守。 空間偏緊，較像要先等確認的盤。,"方向：風險偏空
關鍵：守住 232.5(30M平台)，突破 239(30M平台) / 259.5(前高)，RR 偏緊
劇本：盤面風險升高，先保守；反彈若不過壓力仍偏弱；跌破支撐風險會再升高。",主跌空,空｜偏多,空｜強空,放量｜RV 3.46x｜沿短均線下殺,光通訊,10,一般整理
1597 直得,機器人,180.0,11,主跌空｜偏保守,⚠️ 高風險盤,temp-danger,主跌,186(30M平台) / 199(前高),179(30M平台),0.17,<div class='layer'><span class='layer-label'>日K</span><span class='layer-text'>空｜偏多</span></div><div class='layer'><span class='layer-label'>30M</span><span class='layer-text'>空｜強空</span></div><div class='layer'><span class='layer-label'>位階</span><span class='layer-text'>高檔延伸</span></div><div class='layer'><span class='layer-label'>節奏</span><span class='layer-text'>放量｜RV 2.62x</span></div><div class='layer'><span class='layer-label'>情緒</span><span class='layer-text'>⚠️ 高風險盤</span></div>,空方主導，反彈先看壓力。<br>風險開始升高，追價要更保守。 空間偏緊，較像要先等確認的盤。,"方向：風險偏空
關鍵：守住 179(30M平台)，突破 186(30M平台) / 199(前高)，RR 偏緊
劇本：盤面風險升高，先保守；反彈若不過壓力仍偏弱；跌破支撐風險會再升高。",主跌空,空｜偏多,空｜強空,放量｜RV 2.62x｜均線下彎,機器人,10,高檔轉弱
